# AS5600 free-shaft sweep, 2026-09-14. abs_angle_counts = start + measured travel; err_counts = measured - commanded
direction,abs_angle_counts,err_counts
fwd,544.0,-0.56
fwd,547.0,-0.12
fwd,549.0,-0.68
fwd,551.0,-1.24
fwd,553.0,-1.80
fwd,556.0,-1.36
fwd,558.0,-1.92
fwd,561.0,-1.48
fwd,563.0,-2.04
fwd,565.0,-2.60
fwd,567.0,-3.16
fwd,570.0,-2.72
fwd,572.0,-3.28
fwd,575.0,-2.84
fwd,577.0,-3.40
fwd,580.0,-2.96
fwd,583.0,-2.52
fwd,585.0,-3.08
fwd,587.0,-3.64
fwd,589.0,-4.20
fwd,592.0,-3.76
fwd,594.0,-4.32
fwd,596.0,-4.88
fwd,599.0,-4.44
fwd,602.0,-4.00
fwd,604.0,-4.56
fwd,606.0,-5.12
fwd,608.0,-5.68
fwd,610.0,-6.24
fwd,613.0,-5.80
fwd,616.0,-5.36
fwd,618.0,-5.92
fwd,621.0,-5.48
fwd,624.0,-5.04
fwd,626.0,-5.60
fwd,628.0,-6.16
fwd,630.0,-6.72
fwd,633.0,-6.28
fwd,635.0,-6.84
fwd,637.0,-7.40
fwd,640.0,-6.96
fwd,642.0,-7.52
fwd,644.0,-8.08
fwd,647.0,-7.64
fwd,649.0,-8.20
fwd,651.0,-8.76
fwd,654.0,-8.32
fwd,657.0,-7.88
fwd,660.0,-7.44
fwd,662.0,-8.00
fwd,664.0,-8.56
fwd,666.0,-9.12
fwd,669.0,-8.68
fwd,671.0,-9.24
fwd,673.0,-9.80
fwd,676.0,-9.36
fwd,678.0,-9.92
fwd,680.0,-10.48
fwd,683.0,-10.04
fwd,685.0,-10.60
fwd,687.0,-11.16
fwd,690.0,-10.72
fwd,693.0,-10.28
fwd,695.0,-10.84
fwd,698.0,-10.40
fwd,701.0,-9.96
fwd,703.0,-10.52
fwd,705.0,-11.08
fwd,707.0,-11.64
fwd,709.0,-12.20
fwd,712.0,-11.76
fwd,715.0,-11.32
fwd,717.0,-11.88
fwd,719.0,-12.44
fwd,721.0,-13.00
fwd,723.0,-13.56
fwd,726.0,-13.12
fwd,728.0,-13.68
fwd,731.0,-13.24
fwd,734.0,-12.80
fwd,737.0,-12.36
fwd,739.0,-12.92
fwd,741.0,-13.48
fwd,744.0,-13.04
fwd,745.0,-14.60
fwd,748.0,-14.16
fwd,750.0,-14.72
fwd,753.0,-14.28
fwd,755.0,-14.84
fwd,757.0,-15.40
fwd,760.0,-14.96
fwd,762.0,-15.52
fwd,764.0,-16.08
fwd,767.0,-15.64
fwd,769.0,-16.20
fwd,772.0,-15.76
fwd,775.0,-15.32
fwd,778.0,-14.88
fwd,780.0,-15.44
fwd,782.0,-16.00
fwd,784.0,-16.56
fwd,786.0,-17.12
fwd,789.0,-16.68
fwd,791.0,-17.24
fwd,794.0,-16.80
fwd,796.0,-17.36
fwd,798.0,-17.92
fwd,801.0,-17.48
fwd,803.0,-18.04
fwd,805.0,-18.60
fwd,808.0,-18.16
fwd,811.0,-17.72
fwd,813.0,-18.28
fwd,816.0,-17.84
fwd,818.0,-18.40
fwd,820.0,-18.96
fwd,822.0,-19.52
fwd,825.0,-19.08
fwd,827.0,-19.64
fwd,830.0,-19.20
fwd,832.0,-19.76
fwd,834.0,-20.32
fwd,837.0,-19.88
fwd,839.0,-20.44
fwd,841.0,-21.00
fwd,844.0,-20.56
fwd,846.0,-21.12
fwd,849.0,-20.68
fwd,852.0,-20.24
fwd,855.0,-19.80
fwd,857.0,-20.36
fwd,859.0,-20.92
fwd,861.0,-21.48
fwd,863.0,-22.04
fwd,866.0,-21.60
fwd,869.0,-21.16
fwd,871.0,-21.72
fwd,873.0,-22.28
fwd,876.0,-21.84
fwd,878.0,-22.40
fwd,880.0,-22.96
fwd,883.0,-22.52
fwd,885.0,-23.08
fwd,888.0,-22.64
fwd,891.0,-22.20
fwd,893.0,-22.76
fwd,896.0,-22.32
fwd,898.0,-22.88
fwd,900.0,-23.44
fwd,902.0,-24.00
fwd,905.0,-23.56
fwd,907.0,-24.12
fwd,910.0,-23.68
fwd,912.0,-24.24
fwd,914.0,-24.80
fwd,917.0,-24.36
fwd,919.0,-24.92
fwd,921.0,-25.48
fwd,924.0,-25.04
fwd,927.0,-24.60
fwd,930.0,-24.16
fwd,932.0,-24.72
fwd,934.0,-25.28
fwd,937.0,-24.84
fwd,939.0,-25.40
fwd,941.0,-25.96
fwd,944.0,-25.52
fwd,946.0,-26.08
fwd,949.0,-25.64
fwd,951.0,-26.20
fwd,953.0,-26.76
fwd,956.0,-26.32
fwd,958.0,-26.88
fwd,961.0,-26.44
fwd,963.0,-27.00
fwd,966.0,-26.56
fwd,969.0,-26.12
fwd,971.0,-26.68
fwd,974.0,-26.24
fwd,976.0,-26.80
fwd,978.0,-27.36
fwd,980.0,-27.92
fwd,983.0,-27.48
fwd,985.0,-28.04
fwd,988.0,-27.60
fwd,990.0,-28.16
fwd,993.0,-27.72
fwd,995.0,-28.28
fwd,997.0,-28.84
fwd,1000.0,-28.40
fwd,1003.0,-27.96
fwd,1005.0,-28.52
fwd,1008.0,-28.08
fwd,1011.0,-27.64
fwd,1013.0,-28.20
fwd,1015.0,-28.76
fwd,1018.0,-28.32
fwd,1020.0,-28.88
fwd,1023.0,-28.44
fwd,1025.0,-29.00
fwd,1028.0,-28.56
fwd,1030.0,-29.12
fwd,1032.0,-29.68
fwd,1035.0,-29.24
fwd,1037.0,-29.80
fwd,1040.0,-29.36
fwd,1042.0,-29.92
fwd,1045.0,-29.48
fwd,1048.0,-29.04
fwd,1051.0,-28.60
fwd,1053.0,-29.16
fwd,1055.0,-29.72
fwd,1057.0,-30.28
fwd,1060.0,-29.84
fwd,1062.0,-30.40
fwd,1065.0,-29.96
fwd,1068.0,-29.52
fwd,1070.0,-30.08
fwd,1072.0,-30.64
fwd,1075.0,-30.20
fwd,1077.0,-30.76
fwd,1080.0,-30.32
fwd,1082.0,-30.88
fwd,1085.0,-30.44
fwd,1088.0,-30.00
fwd,1091.0,-29.56
fwd,1093.0,-30.12
fwd,1095.0,-30.68
fwd,1098.0,-30.24
fwd,1100.0,-30.80
fwd,1103.0,-30.36
fwd,1105.0,-30.92
fwd,1108.0,-30.48
fwd,1110.0,-31.04
fwd,1113.0,-30.60
fwd,1115.0,-31.16
fwd,1117.0,-31.72
fwd,1120.0,-31.28
fwd,1123.0,-30.84
fwd,1126.0,-30.40
fwd,1129.0,-29.96
fwd,1131.0,-30.52
fwd,1134.0,-30.08
fwd,1136.0,-30.64
fwd,1138.0,-31.20
fwd,1141.0,-30.76
fwd,1144.0,-30.32
fwd,1146.0,-30.88
fwd,1149.0,-30.44
fwd,1151.0,-31.00
fwd,1153.0,-31.56
fwd,1156.0,-31.12
fwd,1159.0,-30.68
fwd,1161.0,-31.24
fwd,1164.0,-30.80
fwd,1167.0,-30.36
fwd,1170.0,-29.92
fwd,1173.0,-29.48
fwd,1175.0,-30.04
fwd,1177.0,-30.60
fwd,1180.0,-30.16
fwd,1182.0,-30.72
fwd,1185.0,-30.28
fwd,1188.0,-29.84
fwd,1190.0,-30.40
fwd,1193.0,-29.96
fwd,1195.0,-30.52
fwd,1198.0,-30.08
fwd,1200.0,-30.64
fwd,1203.0,-30.20
fwd,1206.0,-29.76
fwd,1209.0,-29.32
fwd,1212.0,-28.88
fwd,1215.0,-28.44
fwd,1217.0,-29.00
fwd,1219.0,-29.56
fwd,1222.0,-29.12
fwd,1224.0,-29.68
fwd,1227.0,-29.24
fwd,1230.0,-28.80
fwd,1232.0,-29.36
fwd,1235.0,-28.92
fwd,1237.0,-29.48
fwd,1240.0,-29.04
fwd,1242.0,-29.60
fwd,1245.0,-29.16
fwd,1248.0,-28.72
fwd,1251.0,-28.28
fwd,1254.0,-27.84
fwd,1257.0,-27.40
fwd,1259.0,-27.96
fwd,1262.0,-27.52
fwd,1265.0,-27.08
fwd,1267.0,-27.64
fwd,1270.0,-27.20
fwd,1273.0,-26.76
fwd,1275.0,-27.32
fwd,1278.0,-26.88
fwd,1280.0,-27.44
fwd,1283.0,-27.00
fwd,1286.0,-26.56
fwd,1288.0,-27.12
fwd,1291.0,-26.68
fwd,1295.0,-25.24
fwd,1297.0,-25.80
fwd,1300.0,-25.36
fwd,1303.0,-24.92
fwd,1305.0,-25.48
fwd,1308.0,-25.04
fwd,1310.0,-25.60
fwd,1313.0,-25.16
fwd,1316.0,-24.72
fwd,1319.0,-24.28
fwd,1321.0,-24.84
fwd,1324.0,-24.40
fwd,1327.0,-23.96
fwd,1329.0,-24.52
fwd,1332.0,-24.08
fwd,1335.0,-23.64
fwd,1338.0,-23.20
fwd,1341.0,-22.76
fwd,1344.0,-22.32
fwd,1347.0,-21.88
fwd,1349.0,-22.44
fwd,1352.0,-22.00
fwd,1355.0,-21.56
fwd,1358.0,-21.12
fwd,1360.0,-21.68
fwd,1363.0,-21.24
fwd,1366.0,-20.80
fwd,1368.0,-21.36
fwd,1371.0,-20.92
fwd,1373.0,-21.48
fwd,1376.0,-21.04
fwd,1379.0,-20.60
fwd,1383.0,-19.16
fwd,1386.0,-18.72
fwd,1389.0,-18.28
fwd,1391.0,-18.84
fwd,1394.0,-18.40
fwd,1396.0,-18.96
fwd,1399.0,-18.52
fwd,1402.0,-18.08
fwd,1405.0,-17.64
fwd,1407.0,-18.20
fwd,1410.0,-17.76
fwd,1413.0,-17.32
fwd,1416.0,-16.88
fwd,1418.0,-17.44
fwd,1421.0,-17.00
fwd,1424.0,-16.56
fwd,1428.0,-15.12
fwd,1431.0,-14.68
fwd,1434.0,-14.24
fwd,1437.0,-13.80
fwd,1439.0,-14.36
fwd,1442.0,-13.92
fwd,1445.0,-13.48
fwd,1447.0,-14.04
fwd,1450.0,-13.60
fwd,1453.0,-13.16
fwd,1456.0,-12.72
fwd,1458.0,-13.28
fwd,1461.0,-12.84
fwd,1464.0,-12.40
fwd,1467.0,-11.96
fwd,1471.0,-10.52
fwd,1473.0,-11.08
fwd,1477.0,-9.64
fwd,1480.0,-9.20
fwd,1482.0,-9.76
fwd,1485.0,-9.32
fwd,1487.0,-9.88
fwd,1490.0,-9.44
fwd,1493.0,-9.00
fwd,1496.0,-8.56
fwd,1499.0,-8.12
fwd,1502.0,-7.68
fwd,1505.0,-7.24
fwd,1507.0,-7.80
fwd,1510.0,-7.36
fwd,1513.0,-6.92
fwd,1516.0,-6.48
fwd,1520.0,-5.04
fwd,1523.0,-4.60
fwd,1526.0,-4.16
fwd,1528.0,-4.72
fwd,1531.0,-4.28
fwd,1534.0,-3.84
fwd,1537.0,-3.40
fwd,1540.0,-2.96
fwd,1543.0,-2.52
fwd,1546.0,-2.08
fwd,1549.0,-1.64
fwd,1551.0,-2.20
fwd,1554.0,-1.76
fwd,1557.0,-1.32
fwd,1560.0,-0.88
fwd,1563.0,-0.44
fwd,1566.0,0.00
fwd,1570.0,1.44
fwd,1572.0,0.88
fwd,1575.0,1.32
fwd,1578.0,1.76
fwd,1580.0,1.20
fwd,1583.0,1.64
fwd,1586.0,2.08
fwd,1589.0,2.52
fwd,1592.0,2.96
fwd,1595.0,3.40
fwd,1598.0,3.84
fwd,1600.0,3.28
fwd,1603.0,3.72
fwd,1606.0,4.16
fwd,1610.0,5.60
fwd,1613.0,6.04
fwd,1616.0,6.48
fwd,1619.0,6.92
fwd,1622.0,7.36
fwd,1625.0,7.80
fwd,1627.0,7.24
fwd,1630.0,7.68
fwd,1634.0,9.12
fwd,1637.0,9.56
fwd,1640.0,10.00
fwd,1642.0,9.44
fwd,1645.0,9.88
fwd,1648.0,10.32
fwd,1651.0,10.76
fwd,1654.0,11.20
fwd,1657.0,11.64
fwd,1661.0,13.08
fwd,1664.0,13.52
fwd,1667.0,13.96
fwd,1669.0,13.40
fwd,1672.0,13.84
fwd,1675.0,14.28
fwd,1677.0,13.72
fwd,1681.0,15.16
fwd,1684.0,15.60
fwd,1687.0,16.04
fwd,1689.0,15.48
fwd,1692.0,15.92
fwd,1695.0,16.36
fwd,1698.0,16.80
fwd,1701.0,17.24
fwd,1704.0,17.68
fwd,1708.0,19.12
fwd,1711.0,19.56
fwd,1714.0,20.00
fwd,1717.0,20.44
fwd,1719.0,19.88
fwd,1722.0,20.32
fwd,1725.0,20.76
fwd,1728.0,21.20
fwd,1731.0,21.64
fwd,1734.0,22.08
fwd,1737.0,22.52
fwd,1739.0,21.96
fwd,1742.0,22.40
fwd,1745.0,22.84
fwd,1748.0,23.28
fwd,1751.0,23.72
fwd,1755.0,25.16
fwd,1758.0,25.60
fwd,1761.0,26.04
fwd,1764.0,26.48
fwd,1766.0,25.92
fwd,1769.0,26.36
fwd,1772.0,26.80
fwd,1775.0,27.24
fwd,1778.0,27.68
fwd,1781.0,28.12
fwd,1784.0,28.56
fwd,1786.0,28.00
fwd,1789.0,28.44
fwd,1792.0,28.88
fwd,1795.0,29.32
fwd,1798.0,29.76
fwd,1802.0,31.20
fwd,1805.0,31.64
fwd,1808.0,32.08
fwd,1811.0,32.52
fwd,1813.0,31.96
fwd,1816.0,32.40
fwd,1819.0,32.84
fwd,1822.0,33.28
fwd,1825.0,33.72
fwd,1828.0,34.16
fwd,1830.0,33.60
fwd,1833.0,34.04
fwd,1836.0,34.48
fwd,1839.0,34.92
fwd,1842.0,35.36
fwd,1845.0,35.80
fwd,1848.0,36.24
fwd,1851.0,36.68
fwd,1854.0,37.12
fwd,1857.0,37.56
fwd,1860.0,38.00
fwd,1862.0,37.44
fwd,1865.0,37.88
fwd,1868.0,38.32
fwd,1871.0,38.76
fwd,1874.0,39.20
fwd,1877.0,39.64
fwd,1879.0,39.08
fwd,1882.0,39.52
fwd,1885.0,39.96
fwd,1888.0,40.40
fwd,1891.0,40.84
fwd,1894.0,41.28
fwd,1898.0,42.72
fwd,1901.0,43.16
fwd,1903.0,42.60
fwd,1906.0,43.04
fwd,1908.0,42.48
fwd,1911.0,42.92
fwd,1914.0,43.36
fwd,1917.0,43.80
fwd,1920.0,44.24
fwd,1923.0,44.68
fwd,1926.0,45.12
fwd,1928.0,44.56
fwd,1931.0,45.00
fwd,1934.0,45.44
fwd,1937.0,45.88
fwd,1940.0,46.32
fwd,1943.0,46.76
fwd,1946.0,47.20
fwd,1949.0,47.64
fwd,1951.0,47.08
fwd,1954.0,47.52
fwd,1957.0,47.96
fwd,1959.0,47.40
fwd,1963.0,48.84
fwd,1965.0,48.28
fwd,1968.0,48.72
fwd,1971.0,49.16
fwd,1973.0,48.60
fwd,1976.0,49.04
fwd,1979.0,49.48
fwd,1982.0,49.92
fwd,1985.0,50.36
fwd,1989.0,51.80
fwd,1991.0,51.24
fwd,1994.0,51.68
fwd,1997.0,52.12
fwd,1999.0,51.56
fwd,2002.0,52.00
fwd,2005.0,52.44
fwd,2007.0,51.88
fwd,2010.0,52.32
fwd,2013.0,52.76
fwd,2015.0,52.20
fwd,2018.0,52.64
fwd,2021.0,53.08
fwd,2024.0,53.52
fwd,2027.0,53.96
fwd,2030.0,54.40
fwd,2033.0,54.84
fwd,2036.0,55.28
fwd,2039.0,55.72
fwd,2041.0,55.16
fwd,2043.0,54.60
fwd,2046.0,55.04
fwd,2049.0,55.48
fwd,2052.0,55.92
fwd,2055.0,56.36
fwd,2057.0,55.80
fwd,2060.0,56.24
fwd,2062.0,55.68
fwd,2065.0,56.12
fwd,2068.0,56.56
fwd,2071.0,57.00
fwd,2074.0,57.44
fwd,2077.0,57.88
fwd,2080.0,58.32
fwd,2083.0,58.76
fwd,2085.0,58.20
fwd,2088.0,58.64
fwd,2090.0,58.08
fwd,2093.0,58.52
fwd,2096.0,58.96
fwd,2099.0,59.40
fwd,2101.0,58.84
fwd,2104.0,59.28
fwd,2106.0,58.72
fwd,2109.0,59.16
fwd,2112.0,59.60
fwd,2115.0,60.04
fwd,2118.0,60.48
fwd,2121.0,60.92
fwd,2124.0,61.36
fwd,2126.0,60.80
fwd,2128.0,60.24
fwd,2131.0,60.68
fwd,2133.0,60.12
fwd,2136.0,60.56
fwd,2139.0,61.00
fwd,2142.0,61.44
fwd,2144.0,60.88
fwd,2147.0,61.32
fwd,2149.0,60.76
fwd,2152.0,61.20
fwd,2155.0,61.64
fwd,2158.0,62.08
fwd,2161.0,62.52
fwd,2164.0,62.96
fwd,2167.0,63.40
fwd,2169.0,62.84
fwd,2172.0,63.28
fwd,2174.0,62.72
fwd,2176.0,62.16
fwd,2179.0,62.60
fwd,2182.0,63.04
fwd,2185.0,63.48
fwd,2187.0,62.92
fwd,2190.0,63.36
fwd,2192.0,62.80
fwd,2195.0,63.24
fwd,2197.0,62.68
fwd,2201.0,64.12
fwd,2204.0,64.56
fwd,2207.0,65.00
fwd,2209.0,64.44
fwd,2212.0,64.88
fwd,2214.0,64.32
fwd,2216.0,63.76
fwd,2219.0,64.20
fwd,2222.0,64.64
fwd,2224.0,64.08
fwd,2227.0,64.52
fwd,2229.0,63.96
fwd,2232.0,64.40
fwd,2234.0,63.84
fwd,2237.0,64.28
fwd,2240.0,64.72
fwd,2242.0,64.16
fwd,2246.0,65.60
fwd,2248.0,65.04
fwd,2251.0,65.48
fwd,2254.0,65.92
fwd,2256.0,65.36
fwd,2258.0,64.80
fwd,2261.0,65.24
fwd,2264.0,65.68
fwd,2266.0,65.12
fwd,2269.0,65.56
fwd,2272.0,66.00
fwd,2274.0,65.44
fwd,2276.0,64.88
fwd,2279.0,65.32
fwd,2281.0,64.76
fwd,2284.0,65.20
fwd,2287.0,65.64
fwd,2290.0,66.08
fwd,2293.0,66.52
fwd,2295.0,65.96
fwd,2298.0,66.40
fwd,2300.0,65.84
fwd,2302.0,65.28
fwd,2305.0,65.72
fwd,2308.0,66.16
fwd,2310.0,65.60
fwd,2313.0,66.04
fwd,2315.0,65.48
fwd,2318.0,65.92
fwd,2320.0,65.36
fwd,2323.0,65.80
fwd,2326.0,66.24
fwd,2329.0,66.68
fwd,2332.0,67.12
fwd,2334.0,66.56
fwd,2337.0,67.00
fwd,2339.0,66.44
fwd,2341.0,65.88
fwd,2344.0,66.32
fwd,2347.0,66.76
fwd,2349.0,66.20
fwd,2352.0,66.64
fwd,2354.0,66.08
fwd,2356.0,65.52
fwd,2359.0,65.96
fwd,2361.0,65.40
fwd,2364.0,65.84
fwd,2367.0,66.28
fwd,2370.0,66.72
fwd,2373.0,67.16
fwd,2375.0,66.60
fwd,2377.0,66.04
fwd,2380.0,66.48
fwd,2382.0,65.92
fwd,2384.0,65.36
fwd,2387.0,65.80
fwd,2389.0,65.24
fwd,2392.0,65.68
fwd,2395.0,66.12
fwd,2397.0,65.56
fwd,2399.0,65.00
fwd,2402.0,65.44
fwd,2404.0,64.88
fwd,2407.0,65.32
fwd,2410.0,65.76
fwd,2413.0,66.20
fwd,2416.0,66.64
fwd,2418.0,66.08
fwd,2420.0,65.52
fwd,2422.0,64.96
fwd,2425.0,65.40
fwd,2428.0,65.84
fwd,2430.0,65.28
fwd,2433.0,65.72
fwd,2435.0,65.16
fwd,2437.0,64.60
fwd,2440.0,65.04
fwd,2442.0,64.48
fwd,2445.0,64.92
fwd,2448.0,65.36
fwd,2451.0,65.80
fwd,2453.0,65.24
fwd,2456.0,65.68
fwd,2458.0,65.12
fwd,2460.0,64.56
fwd,2463.0,65.00
fwd,2465.0,64.44
fwd,2468.0,64.88
fwd,2470.0,64.32
fwd,2473.0,64.76
fwd,2475.0,64.20
fwd,2477.0,63.64
fwd,2480.0,64.08
fwd,2482.0,63.52
fwd,2485.0,63.96
fwd,2488.0,64.40
fwd,2490.0,63.84
fwd,2493.0,64.28
fwd,2496.0,64.72
fwd,2498.0,64.16
fwd,2501.0,64.60
fwd,2503.0,64.04
fwd,2505.0,63.48
fwd,2508.0,63.92
fwd,2510.0,63.36
fwd,2513.0,63.80
fwd,2515.0,63.24
fwd,2517.0,62.68
fwd,2520.0,63.12
fwd,2522.0,62.56
fwd,2525.0,63.00
fwd,2527.0,62.44
fwd,2530.0,62.88
fwd,2533.0,63.32
fwd,2535.0,62.76
fwd,2538.0,63.20
fwd,2540.0,62.64
fwd,2542.0,62.08
fwd,2544.0,61.52
fwd,2547.0,61.96
fwd,2550.0,62.40
fwd,2552.0,61.84
fwd,2555.0,62.28
fwd,2557.0,61.72
fwd,2559.0,61.16
fwd,2561.0,60.60
fwd,2564.0,61.04
fwd,2567.0,61.48
fwd,2570.0,61.92
fwd,2572.0,61.36
fwd,2575.0,61.80
fwd,2577.0,61.24
fwd,2579.0,60.68
fwd,2582.0,61.12
fwd,2584.0,60.56
fwd,2587.0,61.00
fwd,2589.0,60.44
fwd,2592.0,60.88
fwd,2594.0,60.32
fwd,2596.0,59.76
fwd,2599.0,60.20
fwd,2601.0,59.64
fwd,2604.0,60.08
fwd,2606.0,59.52
fwd,2609.0,59.96
fwd,2612.0,60.40
fwd,2614.0,59.84
fwd,2617.0,60.28
fwd,2619.0,59.72
fwd,2621.0,59.16
fwd,2623.0,58.60
fwd,2626.0,59.04
fwd,2628.0,58.48
fwd,2631.0,58.92
fwd,2633.0,58.36
fwd,2635.0,57.80
fwd,2638.0,58.24
fwd,2640.0,57.68
fwd,2643.0,58.12
fwd,2645.0,57.56
fwd,2648.0,58.00
fwd,2651.0,58.44
fwd,2653.0,57.88
fwd,2656.0,58.32
fwd,2658.0,57.76
fwd,2660.0,57.20
fwd,2663.0,57.64
fwd,2665.0,57.08
fwd,2668.0,57.52
fwd,2670.0,56.96
fwd,2672.0,56.40
fwd,2675.0,56.84
fwd,2677.0,56.28
fwd,2679.0,55.72
fwd,2682.0,56.16
fwd,2684.0,55.60
fwd,2687.0,56.04
fwd,2690.0,56.48
fwd,2693.0,56.92
fwd,2695.0,56.36
fwd,2697.0,55.80
fwd,2699.0,55.24
fwd,2701.0,54.68
fwd,2704.0,55.12
fwd,2706.0,54.56
fwd,2709.0,55.00
fwd,2711.0,54.44
fwd,2714.0,54.88
fwd,2716.0,54.32
fwd,2718.0,53.76
fwd,2721.0,54.20
fwd,2724.0,54.64
fwd,2726.0,54.08
fwd,2729.0,54.52
fwd,2732.0,54.96
fwd,2734.0,54.40
fwd,2736.0,53.84
fwd,2738.0,53.28
fwd,2741.0,53.72
fwd,2743.0,53.16
fwd,2746.0,53.60
fwd,2748.0,53.04
fwd,2750.0,52.48
fwd,2753.0,52.92
fwd,2755.0,52.36
fwd,2757.0,51.80
fwd,2760.0,52.24
fwd,2762.0,51.68
fwd,2765.0,52.12
fwd,2768.0,52.56
fwd,2770.0,52.00
fwd,2773.0,52.44
fwd,2775.0,51.88
fwd,2777.0,51.32
fwd,2779.0,50.76
fwd,2782.0,51.20
fwd,2784.0,50.64
fwd,2787.0,51.08
fwd,2789.0,50.52
fwd,2791.0,49.96
fwd,2794.0,50.40
fwd,2796.0,49.84
fwd,2799.0,50.28
fwd,2801.0,49.72
fwd,2804.0,50.16
fwd,2807.0,50.60
fwd,2810.0,51.04
fwd,2812.0,50.48
fwd,2814.0,49.92
fwd,2816.0,49.36
fwd,2819.0,49.80
fwd,2821.0,49.24
fwd,2823.0,48.68
fwd,2826.0,49.12
fwd,2828.0,48.56
fwd,2831.0,49.00
fwd,2833.0,48.44
fwd,2835.0,47.88
fwd,2838.0,48.32
fwd,2841.0,48.76
fwd,2843.0,48.20
fwd,2846.0,48.64
fwd,2848.0,48.08
fwd,2850.0,47.52
fwd,2853.0,47.96
fwd,2855.0,47.40
fwd,2857.0,46.84
fwd,2860.0,47.28
fwd,2862.0,46.72
fwd,2865.0,47.16
fwd,2867.0,46.60
fwd,2869.0,46.04
fwd,2872.0,46.48
fwd,2874.0,45.92
fwd,2877.0,46.36
fwd,2879.0,45.80
fwd,2882.0,46.24
fwd,2884.0,45.68
fwd,2887.0,46.12
fwd,2889.0,45.56
fwd,2892.0,46.00
fwd,2894.0,45.44
fwd,2896.0,44.88
fwd,2898.0,44.32
fwd,2901.0,44.76
fwd,2903.0,44.20
fwd,2906.0,44.64
fwd,2908.0,44.08
fwd,2910.0,43.52
fwd,2913.0,43.96
fwd,2915.0,43.40
fwd,2918.0,43.84
fwd,2921.0,44.28
fwd,2924.0,44.72
fwd,2926.0,44.16
fwd,2928.0,43.60
fwd,2930.0,43.04
fwd,2932.0,42.48
fwd,2935.0,42.92
fwd,2937.0,42.36
fwd,2939.0,41.80
fwd,2942.0,42.24
fwd,2945.0,42.68
fwd,2947.0,42.12
fwd,2949.0,41.56
fwd,2951.0,41.00
fwd,2954.0,41.44
fwd,2957.0,41.88
fwd,2959.0,41.32
fwd,2962.0,41.76
fwd,2965.0,42.20
fwd,2967.0,41.64
fwd,2969.0,41.08
fwd,2971.0,40.52
fwd,2974.0,40.96
fwd,2976.0,40.40
fwd,2978.0,39.84
fwd,2981.0,40.28
fwd,2983.0,39.72
fwd,2986.0,40.16
fwd,2988.0,39.60
fwd,2990.0,39.04
fwd,2993.0,39.48
fwd,2995.0,38.92
fwd,2998.0,39.36
fwd,3001.0,39.80
fwd,3003.0,39.24
fwd,3005.0,38.68
fwd,3008.0,39.12
fwd,3010.0,38.56
fwd,3012.0,38.00
fwd,3015.0,38.44
fwd,3017.0,37.88
fwd,3020.0,38.32
fwd,3022.0,37.76
fwd,3024.0,37.20
fwd,3027.0,37.64
fwd,3029.0,37.08
fwd,3031.0,36.52
fwd,3034.0,36.96
fwd,3037.0,37.40
fwd,3039.0,36.84
fwd,3042.0,37.28
fwd,3044.0,36.72
fwd,3046.0,36.16
fwd,3049.0,36.60
fwd,3051.0,36.04
fwd,3053.0,35.48
fwd,3056.0,35.92
fwd,3059.0,36.36
fwd,3061.0,35.80
fwd,3063.0,35.24
fwd,3066.0,35.68
fwd,3068.0,35.12
fwd,3070.0,34.56
fwd,3073.0,35.00
fwd,3076.0,35.44
fwd,3078.0,34.88
fwd,3081.0,35.32
fwd,3083.0,34.76
fwd,3085.0,34.20
fwd,3088.0,34.64
fwd,3090.0,34.08
fwd,3092.0,33.52
fwd,3094.0,32.96
fwd,3097.0,33.40
fwd,3099.0,32.84
fwd,3101.0,32.28
fwd,3104.0,32.72
fwd,3106.0,32.16
fwd,3108.0,31.60
fwd,3111.0,32.04
fwd,3114.0,32.48
fwd,3117.0,32.92
fwd,3120.0,33.36
fwd,3122.0,32.80
fwd,3124.0,32.24
fwd,3126.0,31.68
fwd,3129.0,32.12
fwd,3131.0,31.56
fwd,3133.0,31.00
fwd,3136.0,31.44
fwd,3138.0,30.88
fwd,3140.0,30.32
fwd,3143.0,30.76
fwd,3145.0,30.20
fwd,3148.0,30.64
fwd,3151.0,31.08
fwd,3153.0,30.52
fwd,3156.0,30.96
fwd,3158.0,30.40
fwd,3160.0,29.84
fwd,3163.0,30.28
fwd,3165.0,29.72
fwd,3167.0,29.16
fwd,3170.0,29.60
fwd,3172.0,29.04
fwd,3175.0,29.48
fwd,3177.0,28.92
fwd,3179.0,28.36
fwd,3181.0,27.80
fwd,3184.0,28.24
fwd,3186.0,27.68
fwd,3189.0,28.12
fwd,3192.0,28.56
fwd,3195.0,29.00
fwd,3197.0,28.44
fwd,3199.0,27.88
fwd,3202.0,28.32
fwd,3204.0,27.76
fwd,3206.0,27.20
fwd,3209.0,27.64
fwd,3211.0,27.08
fwd,3214.0,27.52
fwd,3216.0,26.96
fwd,3218.0,26.40
fwd,3221.0,26.84
fwd,3223.0,26.28
fwd,3225.0,25.72
fwd,3228.0,26.16
fwd,3231.0,26.60
fwd,3234.0,27.04
fwd,3236.0,26.48
fwd,3239.0,26.92
fwd,3241.0,26.36
fwd,3243.0,25.80
fwd,3245.0,25.24
fwd,3248.0,25.68
fwd,3250.0,25.12
fwd,3252.0,24.56
fwd,3255.0,25.00
fwd,3257.0,24.44
fwd,3259.0,23.88
fwd,3262.0,24.32
fwd,3264.0,23.76
fwd,3267.0,24.20
fwd,3270.0,24.64
fwd,3273.0,25.08
fwd,3275.0,24.52
fwd,3277.0,23.96
fwd,3280.0,24.40
fwd,3282.0,23.84
fwd,3284.0,23.28
fwd,3287.0,23.72
fwd,3289.0,23.16
fwd,3292.0,23.60
fwd,3294.0,23.04
fwd,3296.0,22.48
fwd,3299.0,22.92
fwd,3301.0,22.36
fwd,3304.0,22.80
fwd,3306.0,22.24
fwd,3309.0,22.68
fwd,3312.0,23.12
fwd,3314.0,22.56
fwd,3317.0,23.00
fwd,3319.0,22.44
fwd,3321.0,21.88
fwd,3323.0,21.32
fwd,3326.0,21.76
fwd,3328.0,21.20
fwd,3331.0,21.64
fwd,3333.0,21.08
fwd,3335.0,20.52
fwd,3338.0,20.96
fwd,3340.0,20.40
fwd,3343.0,20.84
fwd,3346.0,21.28
fwd,3348.0,20.72
fwd,3351.0,21.16
fwd,3354.0,21.60
fwd,3356.0,21.04
fwd,3358.0,20.48
fwd,3360.0,19.92
fwd,3363.0,20.36
fwd,3365.0,19.80
fwd,3368.0,20.24
fwd,3370.0,19.68
fwd,3373.0,20.12
fwd,3375.0,19.56
fwd,3377.0,19.00
fwd,3380.0,19.44
fwd,3382.0,18.88
fwd,3385.0,19.32
fwd,3388.0,19.76
fwd,3391.0,20.20
fwd,3393.0,19.64
fwd,3395.0,19.08
fwd,3397.0,18.52
fwd,3400.0,18.96
fwd,3402.0,18.40
fwd,3405.0,18.84
fwd,3407.0,18.28
fwd,3410.0,18.72
fwd,3412.0,18.16
fwd,3414.0,17.60
fwd,3417.0,18.04
fwd,3419.0,17.48
fwd,3422.0,17.92
fwd,3425.0,18.36
fwd,3427.0,17.80
fwd,3430.0,18.24
fwd,3433.0,18.68
fwd,3435.0,18.12
fwd,3437.0,17.56
fwd,3439.0,17.00
fwd,3442.0,17.44
fwd,3444.0,16.88
fwd,3447.0,17.32
fwd,3449.0,16.76
fwd,3452.0,17.20
fwd,3454.0,16.64
fwd,3457.0,17.08
fwd,3459.0,16.52
fwd,3461.0,15.96
fwd,3464.0,16.40
fwd,3467.0,16.84
fwd,3470.0,17.28
fwd,3473.0,17.72
fwd,3475.0,17.16
fwd,3477.0,16.60
fwd,3479.0,16.04
fwd,3482.0,16.48
fwd,3484.0,15.92
fwd,3487.0,16.36
fwd,3489.0,15.80
fwd,3491.0,15.24
fwd,3494.0,15.68
fwd,3496.0,15.12
fwd,3499.0,15.56
fwd,3501.0,15.00
fwd,3504.0,15.44
fwd,3507.0,15.88
fwd,3510.0,16.32
fwd,3512.0,15.76
fwd,3515.0,16.20
fwd,3517.0,15.64
fwd,3519.0,15.08
fwd,3522.0,15.52
fwd,3524.0,14.96
fwd,3527.0,15.40
fwd,3529.0,14.84
fwd,3532.0,15.28
fwd,3534.0,14.72
fwd,3536.0,14.16
fwd,3539.0,14.60
fwd,3541.0,14.04
fwd,3544.0,14.48
fwd,3547.0,14.92
fwd,3550.0,15.36
fwd,3552.0,14.80
fwd,3554.0,14.24
fwd,3557.0,14.68
fwd,3559.0,14.12
fwd,3561.0,13.56
fwd,3564.0,14.00
fwd,3567.0,14.44
fwd,3569.0,13.88
fwd,3572.0,14.32
fwd,3574.0,13.76
fwd,3576.0,13.20
fwd,3579.0,13.64
fwd,3581.0,13.08
fwd,3584.0,13.52
fwd,3587.0,13.96
fwd,3590.0,14.40
fwd,3593.0,14.84
fwd,3595.0,14.28
fwd,3597.0,13.72
fwd,3600.0,14.16
fwd,3602.0,13.60
fwd,3604.0,13.04
fwd,3607.0,13.48
fwd,3610.0,13.92
fwd,3612.0,13.36
fwd,3615.0,13.80
fwd,3617.0,13.24
fwd,3619.0,12.68
fwd,3622.0,13.12
fwd,3625.0,13.56
fwd,3628.0,14.00
fwd,3631.0,14.44
fwd,3633.0,13.88
fwd,3635.0,13.32
fwd,3638.0,13.76
fwd,3640.0,13.20
fwd,3642.0,12.64
fwd,3645.0,13.08
fwd,3648.0,13.52
fwd,3650.0,12.96
fwd,3652.0,12.40
fwd,3655.0,12.84
fwd,3657.0,12.28
fwd,3660.0,12.72
fwd,3662.0,12.16
fwd,3665.0,12.60
fwd,3668.0,13.04
fwd,3671.0,13.48
fwd,3673.0,12.92
fwd,3676.0,13.36
fwd,3679.0,13.80
fwd,3681.0,13.24
fwd,3683.0,12.68
fwd,3686.0,13.12
fwd,3688.0,12.56
fwd,3691.0,13.00
fwd,3693.0,12.44
fwd,3696.0,12.88
fwd,3698.0,12.32
fwd,3701.0,12.76
fwd,3703.0,12.20
fwd,3706.0,12.64
fwd,3709.0,13.08
fwd,3712.0,13.52
fwd,3715.0,13.96
fwd,3717.0,13.40
fwd,3719.0,12.84
fwd,3721.0,12.28
fwd,3724.0,12.72
fwd,3726.0,12.16
fwd,3729.0,12.60
fwd,3732.0,13.04
fwd,3734.0,12.48
fwd,3736.0,11.92
fwd,3739.0,12.36
fwd,3742.0,12.80
fwd,3744.0,12.24
fwd,3747.0,12.68
fwd,3750.0,13.12
fwd,3753.0,13.56
fwd,3756.0,14.00
fwd,3758.0,13.44
fwd,3760.0,12.88
fwd,3763.0,13.32
fwd,3765.0,12.76
fwd,3768.0,13.20
fwd,3770.0,12.64
fwd,3773.0,13.08
fwd,3775.0,12.52
fwd,3778.0,12.96
fwd,3780.0,12.40
fwd,3783.0,12.84
fwd,3785.0,12.28
fwd,3788.0,12.72
fwd,3791.0,13.16
fwd,3794.0,13.60
fwd,3796.0,13.04
fwd,3799.0,13.48
fwd,3801.0,12.92
fwd,3804.0,13.36
fwd,3806.0,12.80
fwd,3809.0,13.24
fwd,3811.0,12.68
fwd,3814.0,13.12
fwd,3816.0,12.56
fwd,3819.0,13.00
fwd,3821.0,12.44
fwd,3824.0,12.88
fwd,3826.0,12.32
fwd,3829.0,12.76
fwd,3832.0,13.20
fwd,3835.0,13.64
fwd,3838.0,14.08
fwd,3840.0,13.52
fwd,3842.0,12.96
fwd,3845.0,13.40
fwd,3847.0,12.84
fwd,3850.0,13.28
fwd,3853.0,13.72
fwd,3855.0,13.16
fwd,3858.0,13.60
fwd,3860.0,13.04
fwd,3863.0,13.48
fwd,3865.0,12.92
fwd,3868.0,13.36
fwd,3870.0,12.80
fwd,3874.0,14.24
fwd,3877.0,14.68
fwd,3879.0,14.12
fwd,3881.0,13.56
fwd,3884.0,14.00
fwd,3886.0,13.44
fwd,3889.0,13.88
fwd,3891.0,13.32
fwd,3894.0,13.76
fwd,3897.0,14.20
fwd,3899.0,13.64
fwd,3901.0,13.08
fwd,3904.0,13.52
fwd,3906.0,12.96
fwd,3909.0,13.40
fwd,3912.0,13.84
fwd,3914.0,13.28
fwd,3918.0,14.72
fwd,3920.0,14.16
fwd,3923.0,14.60
fwd,3925.0,14.04
fwd,3927.0,13.48
fwd,3930.0,13.92
fwd,3932.0,13.36
fwd,3935.0,13.80
fwd,3938.0,14.24
fwd,3940.0,13.68
fwd,3943.0,14.12
fwd,3945.0,13.56
fwd,3948.0,14.00
fwd,3950.0,13.44
fwd,3953.0,13.88
fwd,3956.0,14.32
fwd,3959.0,14.76
fwd,3962.0,15.20
fwd,3964.0,14.64
fwd,3966.0,14.08
fwd,3969.0,14.52
fwd,3971.0,13.96
fwd,3974.0,14.40
fwd,3977.0,14.84
fwd,3979.0,14.28
fwd,3982.0,14.72
fwd,3984.0,14.16
fwd,3986.0,13.60
fwd,3989.0,14.04
fwd,3991.0,13.48
fwd,3994.0,13.92
fwd,3997.0,14.36
fwd,4000.0,14.80
fwd,4003.0,15.24
fwd,4005.0,14.68
fwd,4008.0,15.12
fwd,4010.0,14.56
fwd,4012.0,14.00
fwd,4015.0,14.44
fwd,4018.0,14.88
fwd,4020.0,14.32
fwd,4023.0,14.76
fwd,4025.0,14.20
fwd,4028.0,14.64
fwd,4030.0,14.08
fwd,4033.0,14.52
fwd,4036.0,14.96
fwd,4039.0,15.40
fwd,4041.0,14.84
fwd,4044.0,15.28
fwd,4046.0,14.72
fwd,4049.0,15.16
fwd,4051.0,14.60
fwd,4053.0,14.04
fwd,4056.0,14.48
fwd,4059.0,14.92
fwd,4061.0,14.36
fwd,4064.0,14.80
fwd,4066.0,14.24
fwd,4068.0,13.68
fwd,4071.0,14.12
fwd,4074.0,14.56
fwd,4077.0,15.00
fwd,4080.0,15.44
fwd,4082.0,14.88
fwd,4085.0,15.32
fwd,4088.0,15.76
fwd,4090.0,15.20
fwd,4092.0,14.64
fwd,4095.0,15.08
fwd,1.0,14.52
fwd,4.0,14.96
fwd,7.0,15.40
fwd,9.0,14.84
fwd,11.0,14.28
fwd,14.0,14.72
fwd,16.0,14.16
fwd,19.0,14.60
fwd,22.0,15.04
fwd,25.0,15.48
fwd,28.0,15.92
fwd,30.0,15.36
fwd,33.0,15.80
fwd,35.0,15.24
fwd,37.0,14.68
fwd,39.0,14.12
fwd,42.0,14.56
fwd,45.0,15.00
fwd,47.0,14.44
fwd,50.0,14.88
fwd,52.0,14.32
fwd,55.0,14.76
fwd,57.0,14.20
fwd,60.0,14.64
fwd,63.0,15.08
fwd,65.0,14.52
fwd,68.0,14.96
fwd,71.0,15.40
fwd,73.0,14.84
fwd,76.0,15.28
fwd,78.0,14.72
fwd,81.0,15.16
fwd,83.0,14.60
fwd,86.0,15.04
fwd,88.0,14.48
fwd,91.0,14.92
fwd,93.0,14.36
fwd,95.0,13.80
fwd,98.0,14.24
fwd,100.0,13.68
fwd,103.0,14.12
fwd,106.0,14.56
fwd,109.0,15.00
fwd,112.0,15.44
fwd,114.0,14.88
fwd,116.0,14.32
fwd,119.0,14.76
fwd,121.0,14.20
fwd,124.0,14.64
fwd,126.0,14.08
fwd,129.0,14.52
fwd,131.0,13.96
fwd,134.0,14.40
fwd,136.0,13.84
fwd,138.0,13.28
fwd,141.0,13.72
fwd,144.0,14.16
fwd,147.0,14.60
fwd,149.0,14.04
fwd,152.0,14.48
fwd,155.0,14.92
fwd,157.0,14.36
fwd,159.0,13.80
fwd,162.0,14.24
fwd,165.0,14.68
fwd,167.0,14.12
fwd,170.0,14.56
fwd,172.0,14.00
fwd,174.0,13.44
fwd,177.0,13.88
fwd,179.0,13.32
fwd,182.0,13.76
fwd,185.0,14.20
fwd,187.0,13.64
fwd,190.0,14.08
fwd,193.0,14.52
fwd,195.0,13.96
fwd,197.0,13.40
fwd,199.0,12.84
fwd,202.0,13.28
fwd,205.0,13.72
fwd,207.0,13.16
fwd,210.0,13.60
fwd,212.0,13.04
fwd,214.0,12.48
fwd,217.0,12.92
fwd,219.0,12.36
fwd,221.0,11.80
fwd,224.0,12.24
fwd,228.0,13.68
fwd,230.0,13.12
fwd,233.0,13.56
fwd,235.0,13.00
fwd,238.0,13.44
fwd,240.0,12.88
fwd,242.0,12.32
fwd,245.0,12.76
fwd,247.0,12.20
fwd,250.0,12.64
fwd,252.0,12.08
fwd,255.0,12.52
fwd,257.0,11.96
fwd,259.0,11.40
fwd,262.0,11.84
fwd,265.0,12.28
fwd,268.0,12.72
fwd,270.0,12.16
fwd,273.0,12.60
fwd,275.0,12.04
fwd,277.0,11.48
fwd,280.0,11.92
fwd,282.0,11.36
fwd,284.0,10.80
fwd,287.0,11.24
fwd,290.0,11.68
fwd,292.0,11.12
fwd,294.0,10.56
fwd,297.0,11.00
fwd,299.0,10.44
fwd,302.0,10.88
fwd,304.0,10.32
fwd,307.0,10.76
fwd,310.0,11.20
fwd,312.0,10.64
fwd,315.0,11.08
fwd,317.0,10.52
fwd,319.0,9.96
fwd,322.0,10.40
fwd,324.0,9.84
fwd,327.0,10.28
fwd,329.0,9.72
fwd,332.0,10.16
fwd,334.0,9.60
fwd,336.0,9.04
fwd,339.0,9.48
fwd,341.0,8.92
fwd,344.0,9.36
fwd,347.0,9.80
fwd,349.0,9.24
fwd,352.0,9.68
fwd,355.0,10.12
fwd,357.0,9.56
fwd,359.0,9.00
fwd,361.0,8.44
fwd,364.0,8.88
fwd,366.0,8.32
fwd,369.0,8.76
fwd,371.0,8.20
fwd,373.0,7.64
fwd,376.0,8.08
fwd,378.0,7.52
fwd,381.0,7.96
fwd,383.0,7.40
fwd,386.0,7.84
fwd,389.0,8.28
fwd,391.0,7.72
fwd,394.0,8.16
fwd,396.0,7.60
fwd,398.0,7.04
fwd,400.0,6.48
fwd,403.0,6.92
fwd,405.0,6.36
fwd,408.0,6.80
fwd,411.0,7.24
fwd,413.0,6.68
fwd,415.0,6.12
fwd,418.0,6.56
fwd,420.0,6.00
fwd,423.0,6.44
fwd,425.0,5.88
fwd,428.0,6.32
fwd,431.0,6.76
fwd,433.0,6.20
fwd,435.0,5.64
fwd,437.0,5.08
fwd,439.0,4.52
fwd,442.0,4.96
fwd,445.0,5.40
fwd,447.0,4.84
fwd,449.0,4.28
fwd,452.0,4.72
fwd,454.0,4.16
fwd,456.0,3.60
fwd,459.0,4.04
fwd,461.0,3.48
fwd,464.0,3.92
fwd,467.0,4.36
fwd,469.0,3.80
fwd,472.0,4.24
fwd,474.0,3.68
fwd,476.0,3.12
fwd,479.0,3.56
fwd,481.0,3.00
fwd,483.0,2.44
fwd,486.0,2.88
fwd,488.0,2.32
fwd,490.0,1.76
fwd,493.0,2.20
fwd,495.0,1.64
fwd,497.0,1.08
fwd,500.0,1.52
fwd,503.0,1.96
fwd,506.0,2.40
fwd,508.0,1.84
fwd,510.0,1.28
fwd,512.0,0.72
fwd,515.0,1.16
fwd,517.0,0.60
fwd,519.0,0.04
fwd,522.0,0.48
fwd,524.0,-0.08
fwd,527.0,0.36
fwd,529.0,-0.20
fwd,531.0,-0.76
fwd,534.0,-0.32
fwd,536.0,-0.88
fwd,539.0,-0.44
fwd,541.0,-1.00
rev,541.0,1.56
rev,538.0,1.12
rev,536.0,1.68
rev,533.0,1.24
rev,531.0,1.80
rev,529.0,2.36
rev,526.0,1.92
rev,524.0,2.48
rev,522.0,3.04
rev,519.0,2.60
rev,516.0,2.16
rev,514.0,2.72
rev,512.0,3.28
rev,510.0,3.84
rev,508.0,4.40
rev,505.0,3.96
rev,503.0,4.52
rev,500.0,4.08
rev,497.0,3.64
rev,494.0,3.20
rev,492.0,3.76
rev,490.0,4.32
rev,487.0,3.88
rev,485.0,4.44
rev,483.0,5.00
rev,480.0,4.56
rev,478.0,5.12
rev,475.0,4.68
rev,473.0,5.24
rev,471.0,5.80
rev,469.0,6.36
rev,466.0,5.92
rev,464.0,6.48
rev,461.0,6.04
rev,458.0,5.60
rev,455.0,5.16
rev,453.0,5.72
rev,451.0,6.28
rev,449.0,6.84
rev,446.0,6.40
rev,444.0,6.96
rev,441.0,6.52
rev,439.0,7.08
rev,437.0,7.64
rev,434.0,7.20
rev,432.0,7.76
rev,430.0,8.32
rev,427.0,7.88
rev,425.0,8.44
rev,422.0,8.00
rev,419.0,7.56
rev,417.0,8.12
rev,414.0,7.68
rev,412.0,8.24
rev,410.0,8.80
rev,408.0,9.36
rev,405.0,8.92
rev,403.0,9.48
rev,400.0,9.04
rev,398.0,9.60
rev,395.0,9.16
rev,393.0,9.72
rev,391.0,10.28
rev,388.0,9.84
rev,385.0,9.40
rev,383.0,9.96
rev,380.0,9.52
rev,377.0,9.08
rev,375.0,9.64
rev,373.0,10.20
rev,370.0,9.76
rev,368.0,10.32
rev,366.0,10.88
rev,363.0,10.44
rev,361.0,11.00
rev,358.0,10.56
rev,356.0,11.12
rev,354.0,11.68
rev,351.0,11.24
rev,349.0,11.80
rev,347.0,12.36
rev,344.0,11.92
rev,341.0,11.48
rev,338.0,11.04
rev,336.0,11.60
rev,334.0,12.16
rev,331.0,11.72
rev,329.0,12.28
rev,326.0,11.84
rev,324.0,12.40
rev,321.0,11.96
rev,319.0,12.52
rev,317.0,13.08
rev,314.0,12.64
rev,312.0,13.20
rev,310.0,13.76
rev,306.0,12.32
rev,304.0,12.88
rev,301.0,12.44
rev,298.0,12.00
rev,296.0,12.56
rev,294.0,13.12
rev,291.0,12.68
rev,289.0,13.24
rev,286.0,12.80
rev,284.0,13.36
rev,281.0,12.92
rev,279.0,13.48
rev,277.0,14.04
rev,274.0,13.60
rev,272.0,14.16
rev,270.0,14.72
rev,267.0,14.28
rev,264.0,13.84
rev,261.0,13.40
rev,259.0,13.96
rev,256.0,13.52
rev,254.0,14.08
rev,252.0,14.64
rev,249.0,14.20
rev,247.0,14.76
rev,244.0,14.32
rev,241.0,13.88
rev,239.0,14.44
rev,237.0,15.00
rev,235.0,15.56
rev,232.0,15.12
rev,230.0,15.68
rev,227.0,15.24
rev,224.0,14.80
rev,221.0,14.36
rev,219.0,14.92
rev,216.0,14.48
rev,214.0,15.04
rev,212.0,15.60
rev,209.0,15.16
rev,207.0,15.72
rev,204.0,15.28
rev,201.0,14.84
rev,199.0,15.40
rev,197.0,15.96
rev,194.0,15.52
rev,192.0,16.08
rev,190.0,16.64
rev,187.0,16.20
rev,184.0,15.76
rev,181.0,15.32
rev,178.0,14.88
rev,176.0,15.44
rev,173.0,15.00
rev,171.0,15.56
rev,169.0,16.12
rev,166.0,15.68
rev,164.0,16.24
rev,161.0,15.80
rev,159.0,16.36
rev,156.0,15.92
rev,154.0,16.48
rev,152.0,17.04
rev,149.0,16.60
rev,146.0,16.16
rev,143.0,15.72
rev,141.0,16.28
rev,138.0,15.84
rev,136.0,16.40
rev,133.0,15.96
rev,130.0,15.52
rev,128.0,16.08
rev,126.0,16.64
rev,123.0,16.20
rev,121.0,16.76
rev,118.0,16.32
rev,116.0,16.88
rev,114.0,17.44
rev,111.0,17.00
rev,108.0,16.56
rev,106.0,17.12
rev,103.0,16.68
rev,100.0,16.24
rev,97.0,15.80
rev,95.0,16.36
rev,93.0,16.92
rev,90.0,16.48
rev,88.0,17.04
rev,85.0,16.60
rev,83.0,17.16
rev,80.0,16.72
rev,78.0,17.28
rev,75.0,16.84
rev,73.0,17.40
rev,71.0,17.96
rev,68.0,17.52
rev,65.0,17.08
rev,62.0,16.64
rev,59.0,16.20
rev,56.0,15.76
rev,54.0,16.32
rev,52.0,16.88
rev,49.0,16.44
rev,47.0,17.00
rev,44.0,16.56
rev,42.0,17.12
rev,39.0,16.68
rev,37.0,17.24
rev,34.0,16.80
rev,32.0,17.36
rev,30.0,17.92
rev,27.0,17.48
rev,24.0,17.04
rev,21.0,16.60
rev,18.0,16.16
rev,16.0,16.72
rev,13.0,16.28
rev,11.0,16.84
rev,9.0,17.40
rev,6.0,16.96
rev,3.0,16.52
rev,1.0,17.08
rev,4094.0,16.64
rev,4092.0,17.20
rev,4089.0,16.76
rev,4087.0,17.32
rev,4084.0,16.88
rev,4082.0,17.44
rev,4079.0,17.00
rev,4076.0,16.56
rev,4073.0,16.12
rev,4070.0,15.68
rev,4068.0,16.24
rev,4066.0,16.80
rev,4063.0,16.36
rev,4061.0,16.92
rev,4058.0,16.48
rev,4055.0,16.04
rev,4053.0,16.60
rev,4051.0,17.16
rev,4048.0,16.72
rev,4046.0,17.28
rev,4043.0,16.84
rev,4041.0,17.40
rev,4038.0,16.96
rev,4035.0,16.52
rev,4032.0,16.08
rev,4030.0,16.64
rev,4027.0,16.20
rev,4025.0,16.76
rev,4022.0,16.32
rev,4020.0,16.88
rev,4017.0,16.44
rev,4015.0,17.00
rev,4012.0,16.56
rev,4009.0,16.12
rev,4007.0,16.68
rev,4005.0,17.24
rev,4002.0,16.80
rev,4000.0,17.36
rev,3997.0,16.92
rev,3994.0,16.48
rev,3991.0,16.04
rev,3988.0,15.60
rev,3986.0,16.16
rev,3983.0,15.72
rev,3981.0,16.28
rev,3978.0,15.84
rev,3976.0,16.40
rev,3973.0,15.96
rev,3971.0,16.52
rev,3968.0,16.08
rev,3966.0,16.64
rev,3963.0,16.20
rev,3961.0,16.76
rev,3958.0,16.32
rev,3956.0,16.88
rev,3953.0,16.44
rev,3950.0,16.00
rev,3947.0,15.56
rev,3944.0,15.12
rev,3942.0,15.68
rev,3940.0,16.24
rev,3937.0,15.80
rev,3935.0,16.36
rev,3932.0,15.92
rev,3929.0,15.48
rev,3927.0,16.04
rev,3925.0,16.60
rev,3922.0,16.16
rev,3919.0,15.72
rev,3917.0,16.28
rev,3914.0,15.84
rev,3911.0,15.40
rev,3908.0,14.96
rev,3906.0,15.52
rev,3903.0,15.08
rev,3901.0,15.64
rev,3898.0,15.20
rev,3896.0,15.76
rev,3893.0,15.32
rev,3891.0,15.88
rev,3888.0,15.44
rev,3885.0,15.00
rev,3883.0,15.56
rev,3881.0,16.12
rev,3878.0,15.68
rev,3876.0,16.24
rev,3873.0,15.80
rev,3870.0,15.36
rev,3867.0,14.92
rev,3864.0,14.48
rev,3862.0,15.04
rev,3859.0,14.60
rev,3857.0,15.16
rev,3855.0,15.72
rev,3852.0,15.28
rev,3849.0,14.84
rev,3847.0,15.40
rev,3844.0,14.96
rev,3842.0,15.52
rev,3839.0,15.08
rev,3837.0,15.64
rev,3834.0,15.20
rev,3832.0,15.76
rev,3829.0,15.32
rev,3826.0,14.88
rev,3823.0,14.44
rev,3821.0,15.00
rev,3818.0,14.56
rev,3816.0,15.12
rev,3813.0,14.68
rev,3811.0,15.24
rev,3808.0,14.80
rev,3806.0,15.36
rev,3803.0,14.92
rev,3801.0,15.48
rev,3798.0,15.04
rev,3796.0,15.60
rev,3793.0,15.16
rev,3791.0,15.72
rev,3788.0,15.28
rev,3785.0,14.84
rev,3782.0,14.40
rev,3779.0,13.96
rev,3777.0,14.52
rev,3775.0,15.08
rev,3772.0,14.64
rev,3770.0,15.20
rev,3767.0,14.76
rev,3764.0,14.32
rev,3762.0,14.88
rev,3759.0,14.44
rev,3757.0,15.00
rev,3755.0,15.56
rev,3752.0,15.12
rev,3749.0,14.68
rev,3746.0,14.24
rev,3743.0,13.80
rev,3741.0,14.36
rev,3738.0,13.92
rev,3736.0,14.48
rev,3733.0,14.04
rev,3731.0,14.60
rev,3728.0,14.16
rev,3726.0,14.72
rev,3723.0,14.28
rev,3721.0,14.84
rev,3718.0,14.40
rev,3716.0,14.96
rev,3714.0,15.52
rev,3711.0,15.08
rev,3708.0,14.64
rev,3706.0,15.20
rev,3703.0,14.76
rev,3700.0,14.32
rev,3697.0,13.88
rev,3695.0,14.44
rev,3693.0,15.00
rev,3690.0,14.56
rev,3688.0,15.12
rev,3685.0,14.68
rev,3682.0,14.24
rev,3680.0,14.80
rev,3678.0,15.36
rev,3675.0,14.92
rev,3673.0,15.48
rev,3670.0,15.04
rev,3667.0,14.60
rev,3665.0,15.16
rev,3662.0,14.72
rev,3659.0,14.28
rev,3657.0,14.84
rev,3654.0,14.40
rev,3652.0,14.96
rev,3649.0,14.52
rev,3647.0,15.08
rev,3644.0,14.64
rev,3642.0,15.20
rev,3639.0,14.76
rev,3637.0,15.32
rev,3635.0,15.88
rev,3632.0,15.44
rev,3630.0,16.00
rev,3627.0,15.56
rev,3624.0,15.12
rev,3621.0,14.68
rev,3619.0,15.24
rev,3616.0,14.80
rev,3614.0,15.36
rev,3611.0,14.92
rev,3609.0,15.48
rev,3607.0,16.04
rev,3604.0,15.60
rev,3601.0,15.16
rev,3599.0,15.72
rev,3596.0,15.28
rev,3594.0,15.84
rev,3592.0,16.40
rev,3589.0,15.96
rev,3587.0,16.52
rev,3584.0,16.08
rev,3581.0,15.64
rev,3578.0,15.20
rev,3576.0,15.76
rev,3573.0,15.32
rev,3571.0,15.88
rev,3569.0,16.44
rev,3566.0,16.00
rev,3564.0,16.56
rev,3561.0,16.12
rev,3558.0,15.68
rev,3556.0,16.24
rev,3554.0,16.80
rev,3552.0,17.36
rev,3549.0,16.92
rev,3546.0,16.48
rev,3544.0,17.04
rev,3541.0,16.60
rev,3538.0,16.16
rev,3536.0,16.72
rev,3533.0,16.28
rev,3531.0,16.84
rev,3529.0,17.40
rev,3526.0,16.96
rev,3524.0,17.52
rev,3521.0,17.08
rev,3518.0,16.64
rev,3516.0,17.20
rev,3514.0,17.76
rev,3511.0,17.32
rev,3509.0,17.88
rev,3506.0,17.44
rev,3503.0,17.00
rev,3501.0,17.56
rev,3498.0,17.12
rev,3496.0,17.68
rev,3493.0,17.24
rev,3491.0,17.80
rev,3489.0,18.36
rev,3486.0,17.92
rev,3483.0,17.48
rev,3481.0,18.04
rev,3479.0,18.60
rev,3476.0,18.16
rev,3474.0,18.72
rev,3472.0,19.28
rev,3469.0,18.84
rev,3467.0,19.40
rev,3464.0,18.96
rev,3461.0,18.52
rev,3458.0,18.08
rev,3456.0,18.64
rev,3454.0,19.20
rev,3451.0,18.76
rev,3449.0,19.32
rev,3446.0,18.88
rev,3444.0,19.44
rev,3441.0,19.00
rev,3439.0,19.56
rev,3437.0,20.12
rev,3434.0,19.68
rev,3432.0,20.24
rev,3429.0,19.80
rev,3427.0,20.36
rev,3424.0,19.92
rev,3421.0,19.48
rev,3419.0,20.04
rev,3416.0,19.60
rev,3414.0,20.16
rev,3412.0,20.72
rev,3409.0,20.28
rev,3407.0,20.84
rev,3404.0,20.40
rev,3402.0,20.96
rev,3399.0,20.52
rev,3397.0,21.08
rev,3395.0,21.64
rev,3392.0,21.20
rev,3390.0,21.76
rev,3387.0,21.32
rev,3384.0,20.88
rev,3382.0,21.44
rev,3379.0,21.00
rev,3377.0,21.56
rev,3374.0,21.12
rev,3372.0,21.68
rev,3370.0,22.24
rev,3367.0,21.80
rev,3364.0,21.36
rev,3362.0,21.92
rev,3360.0,22.48
rev,3357.0,22.04
rev,3355.0,22.60
rev,3353.0,23.16
rev,3350.0,22.72
rev,3348.0,23.28
rev,3345.0,22.84
rev,3342.0,22.40
rev,3340.0,22.96
rev,3337.0,22.52
rev,3335.0,23.08
rev,3333.0,23.64
rev,3330.0,23.20
rev,3328.0,23.76
rev,3325.0,23.32
rev,3323.0,23.88
rev,3320.0,23.44
rev,3318.0,24.00
rev,3316.0,24.56
rev,3313.0,24.12
rev,3311.0,24.68
rev,3308.0,24.24
rev,3306.0,24.80
rev,3303.0,24.36
rev,3300.0,23.92
rev,3298.0,24.48
rev,3296.0,25.04
rev,3293.0,24.60
rev,3291.0,25.16
rev,3289.0,25.72
rev,3286.0,25.28
rev,3284.0,25.84
rev,3281.0,25.40
rev,3279.0,25.96
rev,3277.0,26.52
rev,3274.0,26.08
rev,3272.0,26.64
rev,3269.0,26.20
rev,3266.0,25.76
rev,3264.0,26.32
rev,3261.0,25.88
rev,3259.0,26.44
rev,3256.0,26.00
rev,3254.0,26.56
rev,3252.0,27.12
rev,3249.0,26.68
rev,3247.0,27.24
rev,3244.0,26.80
rev,3242.0,27.36
rev,3240.0,27.92
rev,3238.0,28.48
rev,3235.0,28.04
rev,3233.0,28.60
rev,3230.0,28.16
rev,3228.0,28.72
rev,3225.0,28.28
rev,3222.0,27.84
rev,3220.0,28.40
rev,3217.0,27.96
rev,3215.0,28.52
rev,3213.0,29.08
rev,3211.0,29.64
rev,3208.0,29.20
rev,3206.0,29.76
rev,3203.0,29.32
rev,3201.0,29.88
rev,3199.0,30.44
rev,3196.0,30.00
rev,3194.0,30.56
rev,3191.0,30.12
rev,3188.0,29.68
rev,3186.0,30.24
rev,3183.0,29.80
rev,3181.0,30.36
rev,3178.0,29.92
rev,3176.0,30.48
rev,3174.0,31.04
rev,3172.0,31.60
rev,3169.0,31.16
rev,3166.0,30.72
rev,3165.0,32.28
rev,3162.0,31.84
rev,3160.0,32.40
rev,3157.0,31.96
rev,3155.0,32.52
rev,3152.0,32.08
rev,3150.0,32.64
rev,3147.0,32.20
rev,3144.0,31.76
rev,3142.0,32.32
rev,3140.0,32.88
rev,3137.0,32.44
rev,3135.0,33.00
rev,3133.0,33.56
rev,3130.0,33.12
rev,3128.0,33.68
rev,3126.0,34.24
rev,3124.0,34.80
rev,3121.0,34.36
rev,3119.0,34.92
rev,3116.0,34.48
rev,3114.0,35.04
rev,3111.0,34.60
rev,3108.0,34.16
rev,3105.0,33.72
rev,3103.0,34.28
rev,3101.0,34.84
rev,3099.0,35.40
rev,3096.0,34.96
rev,3094.0,35.52
rev,3091.0,35.08
rev,3089.0,35.64
rev,3087.0,36.20
rev,3085.0,36.76
rev,3082.0,36.32
rev,3080.0,36.88
rev,3078.0,37.44
rev,3075.0,37.00
rev,3072.0,36.56
rev,3069.0,36.12
rev,3067.0,36.68
rev,3065.0,37.24
rev,3062.0,36.80
rev,3060.0,37.36
rev,3058.0,37.92
rev,3055.0,37.48
rev,3052.0,37.04
rev,3050.0,37.60
rev,3048.0,38.16
rev,3046.0,38.72
rev,3043.0,38.28
rev,3041.0,38.84
rev,3039.0,39.40
rev,3036.0,38.96
rev,3033.0,38.52
rev,3030.0,38.08
rev,3028.0,38.64
rev,3026.0,39.20
rev,3023.0,38.76
rev,3021.0,39.32
rev,3019.0,39.88
rev,3017.0,40.44
rev,3014.0,40.00
rev,3011.0,39.56
rev,3009.0,40.12
rev,3007.0,40.68
rev,3005.0,41.24
rev,3003.0,41.80
rev,3000.0,41.36
rev,2997.0,40.92
rev,2995.0,41.48
rev,2992.0,41.04
rev,2989.0,40.60
rev,2987.0,41.16
rev,2985.0,41.72
rev,2983.0,42.28
rev,2980.0,41.84
rev,2978.0,42.40
rev,2975.0,41.96
rev,2973.0,42.52
rev,2971.0,43.08
rev,2968.0,42.64
rev,2966.0,43.20
rev,2964.0,43.76
rev,2961.0,43.32
rev,2959.0,43.88
rev,2956.0,43.44
rev,2953.0,43.00
rev,2951.0,43.56
rev,2948.0,43.12
rev,2946.0,43.68
rev,2944.0,44.24
rev,2941.0,43.80
rev,2939.0,44.36
rev,2937.0,44.92
rev,2934.0,44.48
rev,2932.0,45.04
rev,2929.0,44.60
rev,2927.0,45.16
rev,2925.0,45.72
rev,2923.0,46.28
rev,2920.0,45.84
rev,2917.0,45.40
rev,2914.0,44.96
rev,2912.0,45.52
rev,2910.0,46.08
rev,2907.0,45.64
rev,2905.0,46.20
rev,2903.0,46.76
rev,2900.0,46.32
rev,2898.0,46.88
rev,2896.0,47.44
rev,2893.0,47.00
rev,2891.0,47.56
rev,2889.0,48.12
rev,2886.0,47.68
rev,2884.0,48.24
rev,2881.0,47.80
rev,2878.0,47.36
rev,2876.0,47.92
rev,2873.0,47.48
rev,2871.0,48.04
rev,2868.0,47.60
rev,2866.0,48.16
rev,2864.0,48.72
rev,2861.0,48.28
rev,2859.0,48.84
rev,2857.0,49.40
rev,2854.0,48.96
rev,2852.0,49.52
rev,2850.0,50.08
rev,2847.0,49.64
rev,2845.0,50.20
rev,2842.0,49.76
rev,2840.0,50.32
rev,2837.0,49.88
rev,2834.0,49.44
rev,2832.0,50.00
rev,2830.0,50.56
rev,2827.0,50.12
rev,2825.0,50.68
rev,2823.0,51.24
rev,2820.0,50.80
rev,2818.0,51.36
rev,2815.0,50.92
rev,2813.0,51.48
rev,2811.0,52.04
rev,2808.0,51.60
rev,2806.0,52.16
rev,2803.0,51.72
rev,2801.0,52.28
rev,2798.0,51.84
rev,2796.0,52.40
rev,2793.0,51.96
rev,2791.0,52.52
rev,2789.0,53.08
rev,2786.0,52.64
rev,2784.0,53.20
rev,2781.0,52.76
rev,2779.0,53.32
rev,2776.0,52.88
rev,2774.0,53.44
rev,2772.0,54.00
rev,2770.0,54.56
rev,2767.0,54.12
rev,2765.0,54.68
rev,2762.0,54.24
rev,2759.0,53.80
rev,2756.0,53.36
rev,2755.0,54.92
rev,2752.0,54.48
rev,2750.0,55.04
rev,2747.0,54.60
rev,2745.0,55.16
rev,2742.0,54.72
rev,2740.0,55.28
rev,2738.0,55.84
rev,2735.0,55.40
rev,2733.0,55.96
rev,2731.0,56.52
rev,2728.0,56.08
rev,2726.0,56.64
rev,2723.0,56.20
rev,2720.0,55.76
rev,2718.0,56.32
rev,2715.0,55.88
rev,2713.0,56.44
rev,2711.0,57.00
rev,2708.0,56.56
rev,2706.0,57.12
rev,2703.0,56.68
rev,2701.0,57.24
rev,2698.0,56.80
rev,2696.0,57.36
rev,2694.0,57.92
rev,2692.0,58.48
rev,2689.0,58.04
rev,2687.0,58.60
rev,2684.0,58.16
rev,2681.0,57.72
rev,2679.0,58.28
rev,2676.0,57.84
rev,2674.0,58.40
rev,2672.0,58.96
rev,2669.0,58.52
rev,2667.0,59.08
rev,2664.0,58.64
rev,2662.0,59.20
rev,2659.0,58.76
rev,2657.0,59.32
rev,2655.0,59.88
rev,2653.0,60.44
rev,2650.0,60.00
rev,2648.0,60.56
rev,2645.0,60.12
rev,2642.0,59.68
rev,2639.0,59.24
rev,2637.0,59.80
rev,2635.0,60.36
rev,2633.0,60.92
rev,2630.0,60.48
rev,2627.0,60.04
rev,2625.0,60.60
rev,2623.0,61.16
rev,2620.0,60.72
rev,2618.0,61.28
rev,2616.0,61.84
rev,2613.0,61.40
rev,2611.0,61.96
rev,2608.0,61.52
rev,2606.0,62.08
rev,2603.0,61.64
rev,2600.0,61.20
rev,2598.0,61.76
rev,2596.0,62.32
rev,2593.0,61.88
rev,2591.0,62.44
rev,2588.0,62.00
rev,2586.0,62.56
rev,2584.0,63.12
rev,2581.0,62.68
rev,2579.0,63.24
rev,2576.0,62.80
rev,2574.0,63.36
rev,2572.0,63.92
rev,2569.0,63.48
rev,2566.0,63.04
rev,2564.0,63.60
rev,2561.0,63.16
rev,2558.0,62.72
rev,2556.0,63.28
rev,2554.0,63.84
rev,2551.0,63.40
rev,2549.0,63.96
rev,2546.0,63.52
rev,2544.0,64.08
rev,2542.0,64.64
rev,2539.0,64.20
rev,2537.0,64.76
rev,2535.0,65.32
rev,2532.0,64.88
rev,2529.0,64.44
rev,2527.0,65.00
rev,2524.0,64.56
rev,2521.0,64.12
rev,2519.0,64.68
rev,2516.0,64.24
rev,2514.0,64.80
rev,2512.0,65.36
rev,2509.0,64.92
rev,2507.0,65.48
rev,2504.0,65.04
rev,2502.0,65.60
rev,2500.0,66.16
rev,2497.0,65.72
rev,2495.0,66.28
rev,2492.0,65.84
rev,2490.0,66.40
rev,2487.0,65.96
rev,2484.0,65.52
rev,2481.0,65.08
rev,2479.0,65.64
rev,2476.0,65.20
rev,2474.0,65.76
rev,2472.0,66.32
rev,2470.0,66.88
rev,2467.0,66.44
rev,2464.0,66.00
rev,2462.0,66.56
rev,2460.0,67.12
rev,2457.0,66.68
rev,2455.0,67.24
rev,2452.0,66.80
rev,2450.0,67.36
rev,2447.0,66.92
rev,2444.0,66.48
rev,2442.0,67.04
rev,2439.0,66.60
rev,2437.0,67.16
rev,2434.0,66.72
rev,2432.0,67.28
rev,2430.0,67.84
rev,2427.0,67.40
rev,2424.0,66.96
rev,2422.0,67.52
rev,2420.0,68.08
rev,2417.0,67.64
rev,2415.0,68.20
rev,2412.0,67.76
rev,2409.0,67.32
rev,2407.0,67.88
rev,2404.0,67.44
rev,2401.0,67.00
rev,2399.0,67.56
rev,2396.0,67.12
rev,2394.0,67.68
rev,2392.0,68.24
rev,2389.0,67.80
rev,2386.0,67.36
rev,2384.0,67.92
rev,2381.0,67.48
rev,2379.0,68.04
rev,2377.0,68.60
rev,2374.0,68.16
rev,2372.0,68.72
rev,2369.0,68.28
rev,2366.0,67.84
rev,2363.0,67.40
rev,2360.0,66.96
rev,2358.0,67.52
rev,2356.0,68.08
rev,2353.0,67.64
rev,2351.0,68.20
rev,2348.0,67.76
rev,2346.0,68.32
rev,2343.0,67.88
rev,2341.0,68.44
rev,2338.0,68.00
rev,2336.0,68.56
rev,2333.0,68.12
rev,2331.0,68.68
rev,2328.0,68.24
rev,2325.0,67.80
rev,2322.0,67.36
rev,2319.0,66.92
rev,2317.0,67.48
rev,2314.0,67.04
rev,2312.0,67.60
rev,2310.0,68.16
rev,2307.0,67.72
rev,2305.0,68.28
rev,2302.0,67.84
rev,2299.0,67.40
rev,2297.0,67.96
rev,2295.0,68.52
rev,2292.0,68.08
rev,2289.0,67.64
rev,2287.0,68.20
rev,2284.0,67.76
rev,2281.0,67.32
rev,2278.0,66.88
rev,2276.0,67.44
rev,2273.0,67.00
rev,2271.0,67.56
rev,2268.0,67.12
rev,2266.0,67.68
rev,2263.0,67.24
rev,2260.0,66.80
rev,2258.0,67.36
rev,2255.0,66.92
rev,2253.0,67.48
rev,2251.0,68.04
rev,2248.0,67.60
rev,2245.0,67.16
rev,2242.0,66.72
rev,2239.0,66.28
rev,2236.0,65.84
rev,2234.0,66.40
rev,2231.0,65.96
rev,2229.0,66.52
rev,2226.0,66.08
rev,2224.0,66.64
rev,2221.0,66.20
rev,2218.0,65.76
rev,2216.0,66.32
rev,2213.0,65.88
rev,2211.0,66.44
rev,2208.0,66.00
rev,2206.0,66.56
rev,2203.0,66.12
rev,2200.0,65.68
rev,2197.0,65.24
rev,2194.0,64.80
rev,2192.0,65.36
rev,2189.0,64.92
rev,2187.0,65.48
rev,2184.0,65.04
rev,2182.0,65.60
rev,2179.0,65.16
rev,2176.0,64.72
rev,2173.0,64.28
rev,2171.0,64.84
rev,2169.0,65.40
rev,2166.0,64.96
rev,2163.0,64.52
rev,2160.0,64.08
rev,2157.0,63.64
rev,2154.0,63.20
rev,2151.0,62.76
rev,2149.0,63.32
rev,2146.0,62.88
rev,2144.0,63.44
rev,2141.0,63.00
rev,2139.0,63.56
rev,2136.0,63.12
rev,2133.0,62.68
rev,2130.0,62.24
rev,2128.0,62.80
rev,2125.0,62.36
rev,2123.0,62.92
rev,2120.0,62.48
rev,2117.0,62.04
rev,2114.0,61.60
rev,2111.0,61.16
rev,2108.0,60.72
rev,2106.0,61.28
rev,2103.0,60.84
rev,2101.0,61.40
rev,2098.0,60.96
rev,2095.0,60.52
rev,2092.0,60.08
rev,2090.0,60.64
rev,2087.0,60.20
rev,2085.0,60.76
rev,2082.0,60.32
rev,2079.0,59.88
rev,2077.0,60.44
rev,2074.0,60.00
rev,2071.0,59.56
rev,2067.0,58.12
rev,2065.0,58.68
rev,2062.0,58.24
rev,2059.0,57.80
rev,2056.0,57.36
rev,2054.0,57.92
rev,2051.0,57.48
rev,2049.0,58.04
rev,2046.0,57.60
rev,2043.0,57.16
rev,2040.0,56.72
rev,2038.0,57.28
rev,2035.0,56.84
rev,2033.0,57.40
rev,2030.0,56.96
rev,2027.0,56.52
rev,2023.0,55.08
rev,2021.0,55.64
rev,2018.0,55.20
rev,2015.0,54.76
rev,2013.0,55.32
rev,2010.0,54.88
rev,2007.0,54.44
rev,2004.0,54.00
rev,2001.0,53.56
rev,1999.0,54.12
rev,1996.0,53.68
rev,1993.0,53.24
rev,1991.0,53.80
rev,1988.0,53.36
rev,1985.0,52.92
rev,1982.0,52.48
rev,1979.0,52.04
rev,1975.0,50.60
rev,1973.0,51.16
rev,1970.0,50.72
rev,1967.0,50.28
rev,1965.0,50.84
rev,1962.0,50.40
rev,1959.0,49.96
rev,1956.0,49.52
rev,1954.0,50.08
rev,1951.0,49.64
rev,1948.0,49.20
rev,1945.0,48.76
rev,1943.0,49.32
rev,1940.0,48.88
rev,1936.0,47.44
rev,1933.0,47.00
rev,1930.0,46.56
rev,1928.0,47.12
rev,1925.0,46.68
rev,1922.0,46.24
rev,1920.0,46.80
rev,1916.0,45.36
rev,1914.0,45.92
rev,1911.0,45.48
rev,1908.0,45.04
rev,1905.0,44.60
rev,1902.0,44.16
rev,1900.0,44.72
rev,1897.0,44.28
rev,1894.0,43.84
rev,1890.0,42.40
rev,1887.0,41.96
rev,1884.0,41.52
rev,1881.0,41.08
rev,1879.0,41.64
rev,1876.0,41.20
rev,1873.0,40.76
rev,1871.0,41.32
rev,1867.0,39.88
rev,1864.0,39.44
rev,1862.0,40.00
rev,1859.0,39.56
rev,1856.0,39.12
rev,1854.0,39.68
rev,1851.0,39.24
rev,1848.0,38.80
rev,1844.0,37.36
rev,1841.0,36.92
rev,1838.0,36.48
rev,1835.0,36.04
rev,1833.0,36.60
rev,1830.0,36.16
rev,1827.0,35.72
rev,1824.0,35.28
rev,1821.0,34.84
rev,1818.0,34.40
rev,1816.0,34.96
rev,1812.0,33.52
rev,1810.0,34.08
rev,1807.0,33.64
rev,1804.0,33.20
rev,1801.0,32.76
rev,1797.0,31.32
rev,1794.0,30.88
rev,1791.0,30.44
rev,1788.0,30.00
rev,1786.0,30.56
rev,1783.0,30.12
rev,1780.0,29.68
rev,1777.0,29.24
rev,1774.0,28.80
rev,1771.0,28.36
rev,1768.0,27.92
rev,1766.0,28.48
rev,1763.0,28.04
rev,1760.0,27.60
rev,1757.0,27.16
rev,1754.0,26.72
rev,1751.0,26.28
rev,1748.0,25.84
rev,1745.0,25.40
rev,1741.0,23.96
rev,1739.0,24.52
rev,1736.0,24.08
rev,1733.0,23.64
rev,1730.0,23.20
rev,1727.0,22.76
rev,1724.0,22.32
rev,1721.0,21.88
rev,1718.0,21.44
rev,1716.0,22.00
rev,1713.0,21.56
rev,1710.0,21.12
rev,1707.0,20.68
rev,1703.0,19.24
rev,1700.0,18.80
rev,1697.0,18.36
rev,1694.0,17.92
rev,1691.0,17.48
rev,1689.0,18.04
rev,1686.0,17.60
rev,1683.0,17.16
rev,1680.0,16.72
rev,1677.0,16.28
rev,1674.0,15.84
rev,1671.0,15.40
rev,1668.0,14.96
rev,1666.0,15.52
rev,1663.0,15.08
rev,1660.0,14.64
rev,1656.0,13.20
rev,1653.0,12.76
rev,1650.0,12.32
rev,1647.0,11.88
rev,1644.0,11.44
rev,1642.0,12.00
rev,1639.0,11.56
rev,1636.0,11.12
rev,1633.0,10.68
rev,1630.0,10.24
rev,1627.0,9.80
rev,1624.0,9.36
rev,1621.0,8.92
rev,1618.0,8.48
rev,1616.0,9.04
rev,1612.0,7.60
rev,1609.0,7.16
rev,1606.0,6.72
rev,1603.0,6.28
rev,1600.0,5.84
rev,1597.0,5.40
rev,1594.0,4.96
rev,1592.0,5.52
rev,1589.0,5.08
rev,1586.0,4.64
rev,1583.0,4.20
rev,1580.0,3.76
rev,1577.0,3.32
rev,1575.0,3.88
rev,1572.0,3.44
rev,1569.0,3.00
rev,1566.0,2.56
rev,1562.0,1.12
rev,1559.0,0.68
rev,1556.0,0.24
rev,1553.0,-0.20
rev,1550.0,-0.64
rev,1548.0,-0.08
rev,1545.0,-0.52
rev,1542.0,-0.96
rev,1539.0,-1.40
rev,1536.0,-1.84
rev,1533.0,-2.28
rev,1530.0,-2.72
rev,1528.0,-2.16
rev,1525.0,-2.60
rev,1522.0,-3.04
rev,1519.0,-3.48
rev,1516.0,-3.92
rev,1512.0,-5.36
rev,1509.0,-5.80
rev,1506.0,-6.24
rev,1504.0,-5.68
rev,1501.0,-6.12
rev,1498.0,-6.56
rev,1496.0,-6.00
rev,1492.0,-7.44
rev,1490.0,-6.88
rev,1487.0,-7.32
rev,1484.0,-7.76
rev,1481.0,-8.20
rev,1479.0,-7.64
rev,1476.0,-8.08
rev,1473.0,-8.52
rev,1470.0,-8.96
rev,1466.0,-10.40
rev,1463.0,-10.84
rev,1461.0,-10.28
rev,1458.0,-10.72
rev,1455.0,-11.16
rev,1453.0,-10.60
rev,1450.0,-11.04
rev,1447.0,-11.48
rev,1444.0,-11.92
rev,1441.0,-12.36
rev,1438.0,-12.80
rev,1436.0,-12.24
rev,1433.0,-12.68
rev,1430.0,-13.12
rev,1427.0,-13.56
rev,1424.0,-14.00
rev,1420.0,-15.44
rev,1418.0,-14.88
rev,1415.0,-15.32
rev,1412.0,-15.76
rev,1410.0,-15.20
rev,1407.0,-15.64
rev,1404.0,-16.08
rev,1401.0,-16.52
rev,1399.0,-15.96
rev,1396.0,-16.40
rev,1393.0,-16.84
rev,1391.0,-16.28
rev,1388.0,-16.72
rev,1385.0,-17.16
rev,1382.0,-17.60
rev,1379.0,-18.04
rev,1376.0,-18.48
rev,1373.0,-18.92
rev,1370.0,-19.36
rev,1368.0,-18.80
rev,1365.0,-19.24
rev,1362.0,-19.68
rev,1359.0,-20.12
rev,1357.0,-19.56
rev,1354.0,-20.00
rev,1351.0,-20.44
rev,1349.0,-19.88
rev,1346.0,-20.32
rev,1343.0,-20.76
rev,1341.0,-20.20
rev,1337.0,-21.64
rev,1334.0,-22.08
rev,1331.0,-22.52
rev,1328.0,-22.96
rev,1326.0,-22.40
rev,1323.0,-22.84
rev,1321.0,-22.28
rev,1318.0,-22.72
rev,1316.0,-22.16
rev,1313.0,-22.60
rev,1310.0,-23.04
rev,1307.0,-23.48
rev,1304.0,-23.92
rev,1302.0,-23.36
rev,1299.0,-23.80
rev,1297.0,-23.24
rev,1294.0,-23.68
rev,1291.0,-24.12
rev,1288.0,-24.56
rev,1285.0,-25.00
rev,1282.0,-25.44
rev,1280.0,-24.88
rev,1277.0,-25.32
rev,1275.0,-24.76
rev,1272.0,-25.20
rev,1269.0,-25.64
rev,1266.0,-26.08
rev,1264.0,-25.52
rev,1261.0,-25.96
rev,1259.0,-25.40
rev,1256.0,-25.84
rev,1254.0,-25.28
rev,1251.0,-25.72
rev,1248.0,-26.16
rev,1244.0,-27.60
rev,1242.0,-27.04
rev,1239.0,-27.48
rev,1237.0,-26.92
rev,1234.0,-27.36
rev,1231.0,-27.80
rev,1229.0,-27.24
rev,1226.0,-27.68
rev,1224.0,-27.12
rev,1221.0,-27.56
rev,1219.0,-27.00
rev,1216.0,-27.44
rev,1214.0,-26.88
rev,1211.0,-27.32
rev,1208.0,-27.76
rev,1205.0,-28.20
rev,1202.0,-28.64
rev,1200.0,-28.08
rev,1197.0,-28.52
rev,1195.0,-27.96
rev,1192.0,-28.40
rev,1190.0,-27.84
rev,1187.0,-28.28
rev,1185.0,-27.72
rev,1182.0,-28.16
rev,1179.0,-28.60
rev,1177.0,-28.04
rev,1174.0,-28.48
rev,1172.0,-27.92
rev,1169.0,-28.36
rev,1167.0,-27.80
rev,1164.0,-28.24
rev,1160.0,-29.68
rev,1158.0,-29.12
rev,1155.0,-29.56
rev,1153.0,-29.00
rev,1150.0,-29.44
rev,1148.0,-28.88
rev,1146.0,-28.32
rev,1143.0,-28.76
rev,1140.0,-29.20
rev,1138.0,-28.64
rev,1135.0,-29.08
rev,1133.0,-28.52
rev,1131.0,-27.96
rev,1128.0,-28.40
rev,1125.0,-28.84
rev,1123.0,-28.28
rev,1120.0,-28.72
rev,1117.0,-29.16
rev,1115.0,-28.60
rev,1112.0,-29.04
rev,1110.0,-28.48
rev,1107.0,-28.92
rev,1105.0,-28.36
rev,1102.0,-28.80
rev,1100.0,-28.24
rev,1097.0,-28.68
rev,1095.0,-28.12
rev,1092.0,-28.56
rev,1090.0,-28.00
rev,1088.0,-27.44
rev,1085.0,-27.88
rev,1082.0,-28.32
rev,1079.0,-28.76
rev,1076.0,-29.20
rev,1074.0,-28.64
rev,1071.0,-29.08
rev,1069.0,-28.52
rev,1067.0,-27.96
rev,1064.0,-28.40
rev,1062.0,-27.84
rev,1059.0,-28.28
rev,1057.0,-27.72
rev,1054.0,-28.16
rev,1052.0,-27.60
rev,1050.0,-27.04
rev,1047.0,-27.48
rev,1045.0,-26.92
rev,1042.0,-27.36
rev,1039.0,-27.80
rev,1036.0,-28.24
rev,1034.0,-27.68
rev,1032.0,-27.12
rev,1029.0,-27.56
rev,1027.0,-27.00
rev,1025.0,-26.44
rev,1022.0,-26.88
rev,1019.0,-27.32
rev,1017.0,-26.76
rev,1015.0,-26.20
rev,1012.0,-26.64
rev,1010.0,-26.08
rev,1007.0,-26.52
rev,1005.0,-25.96
rev,1002.0,-26.40
rev,999.0,-26.84
rev,997.0,-26.28
rev,994.0,-26.72
rev,992.0,-26.16
rev,990.0,-25.60
rev,987.0,-26.04
rev,985.0,-25.48
rev,982.0,-25.92
rev,980.0,-25.36
rev,977.0,-25.80
rev,975.0,-25.24
rev,973.0,-24.68
rev,970.0,-25.12
rev,968.0,-24.56
rev,965.0,-25.00
rev,963.0,-24.44
rev,960.0,-24.88
rev,957.0,-25.32
rev,955.0,-24.76
rev,953.0,-24.20
rev,951.0,-23.64
rev,948.0,-24.08
rev,946.0,-23.52
rev,943.0,-23.96
rev,941.0,-23.40
rev,938.0,-23.84
rev,936.0,-23.28
rev,934.0,-22.72
rev,931.0,-23.16
rev,929.0,-22.60
rev,926.0,-23.04
rev,924.0,-22.48
rev,921.0,-22.92
rev,918.0,-23.36
rev,916.0,-22.80
rev,914.0,-22.24
rev,911.0,-22.68
rev,909.0,-22.12
rev,906.0,-22.56
rev,904.0,-22.00
rev,902.0,-21.44
rev,899.0,-21.88
rev,897.0,-21.32
rev,895.0,-20.76
rev,892.0,-21.20
rev,890.0,-20.64
rev,888.0,-20.08
rev,885.0,-20.52
rev,882.0,-20.96
rev,879.0,-21.40
rev,877.0,-20.84
rev,875.0,-20.28
rev,873.0,-19.72
rev,870.0,-20.16
rev,868.0,-19.60
rev,866.0,-19.04
rev,863.0,-19.48
rev,861.0,-18.92
rev,858.0,-19.36
rev,856.0,-18.80
rev,854.0,-18.24
rev,851.0,-18.68
rev,849.0,-18.12
rev,846.0,-18.56
rev,843.0,-19.00
rev,841.0,-18.44
rev,838.0,-18.88
rev,836.0,-18.32
rev,834.0,-17.76
rev,831.0,-18.20
rev,829.0,-17.64
rev,827.0,-17.08
rev,824.0,-17.52
rev,822.0,-16.96
rev,820.0,-16.40
rev,817.0,-16.84
rev,815.0,-16.28
rev,813.0,-15.72
rev,810.0,-16.16
rev,807.0,-16.60
rev,805.0,-16.04
rev,802.0,-16.48
rev,800.0,-15.92
rev,798.0,-15.36
rev,795.0,-15.80
rev,793.0,-15.24
rev,791.0,-14.68
rev,788.0,-15.12
rev,786.0,-14.56
rev,783.0,-15.00
rev,781.0,-14.44
rev,779.0,-13.88
rev,777.0,-13.32
rev,774.0,-13.76
rev,772.0,-13.20
rev,769.0,-13.64
rev,766.0,-14.08
rev,763.0,-14.52
rev,761.0,-13.96
rev,759.0,-13.40
rev,757.0,-12.84
rev,755.0,-12.28
rev,752.0,-12.72
rev,750.0,-12.16
rev,747.0,-12.60
rev,745.0,-12.04
rev,743.0,-11.48
rev,740.0,-11.92
rev,738.0,-11.36
rev,736.0,-10.80
rev,733.0,-11.24
rev,730.0,-11.68
rev,728.0,-11.12
rev,725.0,-11.56
rev,723.0,-11.00
rev,721.0,-10.44
rev,719.0,-9.88
rev,716.0,-10.32
rev,714.0,-9.76
rev,711.0,-10.20
rev,709.0,-9.64
rev,707.0,-9.08
rev,704.0,-9.52
rev,702.0,-8.96
rev,700.0,-8.40
rev,698.0,-7.84
rev,695.0,-8.28
rev,692.0,-8.72
rev,689.0,-9.16
rev,687.0,-8.60
rev,684.0,-9.04
rev,682.0,-8.48
rev,680.0,-7.92
rev,678.0,-7.36
rev,675.0,-7.80
rev,673.0,-7.24
rev,670.0,-7.68
rev,668.0,-7.12
rev,666.0,-6.56
rev,663.0,-7.00
rev,661.0,-6.44
rev,659.0,-5.88
rev,656.0,-6.32
rev,654.0,-5.76
rev,651.0,-6.20
rev,648.0,-6.64
rev,646.0,-6.08
rev,644.0,-5.52
rev,642.0,-4.96
rev,639.0,-5.40
rev,637.0,-4.84
rev,635.0,-4.28
rev,632.0,-4.72
rev,630.0,-4.16
rev,627.0,-4.60
rev,625.0,-4.04
rev,623.0,-3.48
rev,620.0,-3.92
rev,618.0,-3.36
rev,615.0,-3.80
rev,612.0,-4.24
rev,610.0,-3.68
rev,608.0,-3.12
rev,605.0,-3.56
rev,603.0,-3.00
rev,601.0,-2.44
rev,598.0,-2.88
rev,596.0,-2.32
rev,593.0,-2.76
rev,591.0,-2.20
rev,589.0,-1.64
rev,587.0,-1.08
rev,584.0,-1.52
rev,582.0,-0.96
rev,580.0,-0.40
rev,577.0,-0.84
rev,574.0,-1.28
rev,572.0,-0.72
rev,569.0,-1.16
rev,567.0,-0.60
rev,565.0,-0.04
rev,562.0,-0.48
rev,560.0,0.08
rev,558.0,0.64
rev,555.0,0.20
rev,553.0,0.76
rev,551.0,1.32
rev,548.0,0.88
rev,546.0,1.44
rev,544.0,2.00
